cvssid,level,score,attack
0f28be13-6657-11ec-b0d0-5c80b610a170,中危,5.3,网络
0f29f646-6657-11ec-bf64-5c80b610a170,高危,7.5,网络
0f2ae124-6657-11ec-b6b6-5c80b610a170,高危,8.8,网络
0f2c098f-6657-11ec-93ae-5c80b610a170,中危,5.5,本地
0f2d4248-6657-11ec-b937-5c80b610a170,高危,7.5,网络
0f2e5386-6657-11ec-be8a-5c80b610a170,中危,4.3,邻接
0f2f3f66-6657-11ec-8b76-5c80b610a170,中危,4.3,邻接
0f3002b0-6657-11ec-a61f-5c80b610a170,中危,4.3,邻接
0f30c4c0-6657-11ec-b9e6-5c80b610a170,中危,4.3,邻接
0f31880e-6657-11ec-8a85-5c80b610a170,高危,8.8,邻接
0f324b5c-6657-11ec-8085-5c80b610a170,高危,8.8,邻接
0f333591-6657-11ec-b4c0-5c80b610a170,高危,7.0,本地
0f341ff3-6657-11ec-849b-5c80b610a170,高危,7.4,邻接
0f353165-6657-11ec-a78b-5c80b610a170,高危,7.7,网络
0f3642d5-6657-11ec-afa8-5c80b610a170,高危,7.5,网络
0f375444-6657-11ec-8968-5c80b610a170,超危,9.8,网络
0f383ece-6657-11ec-955c-5c80b610a170,中危,6.7,本地
0f39292d-6657-11ec-8acb-5c80b610a170,高危,7.2,网络
0f39ec7e-6657-11ec-bddf-5c80b610a170,高危,7.5,网络
0f3aafb8-6657-11ec-8cbd-5c80b610a170,高危,7.4,邻接
0f3be837-6657-11ec-b02c-5c80b610a170,中危,6.0,本地
0f3cab89-6657-11ec-9d68-5c80b610a170,高危,7.4,邻接
0f3d95e7-6657-11ec-a195-5c80b610a170,高危,7.5,网络
0f3e8045-6657-11ec-a954-5c80b610a170,中危,6.7,本地
0f3f439a-6657-11ec-a70d-5c80b610a170,中危,6.5,邻接
0f4006e6-6657-11ec-b918-5c80b610a170,高危,8.6,网络
0f40ca36-6657-11ec-93d7-5c80b610a170,中危,6.5,网络
0f418d87-6657-11ec-8d2a-5c80b610a170,高危,8.6,网络
0f429f10-6657-11ec-b92e-5c80b610a170,高危,7.5,网络
0f43626b-6657-11ec-bd5a-5c80b610a170,高危,7.4,邻接
0f4425b1-6657-11ec-977a-5c80b610a170,高危,7.7,网络
0f44e900-6657-11ec-9789-5c80b610a170,高危,8.6,网络
0f45ac50-6657-11ec-8918-5c80b610a170,中危,5.8,网络
0f7d8687-6657-11ec-9d9b-5c80b610a170,高危,7.5,网络
0f7e4863-6657-11ec-8d68-5c80b610a170,超危,9.8,网络
0f7f0cac-6657-11ec-8d2e-5c80b610a170,高危,7.5,网络
0f7ff79f-6657-11ec-91e4-5c80b610a170,高危,8.8,网络
0f80e1cf-6657-11ec-b44f-5c80b610a170,高危,8.6,网络
0f81a3a3-6657-11ec-a4c6-5c80b610a170,高危,8.6,网络
0f828e2c-6657-11ec-ad3f-5c80b610a170,高危,7.8,本地
0f83a114-6657-11ec-beac-5c80b610a170,高危,7.2,网络
0f84d7ef-6657-11ec-b2c9-5c80b610a170,高危,7.5,网络
0f85db8d-6657-11ec-81db-5c80b610a170,高危,8.6,网络
0f869da8-6657-11ec-b8e2-5c80b610a170,中危,6.4,本地
0f87610a-6657-11ec-a62a-5c80b610a170,中危,6.7,本地
0f884b6a-6657-11ec-bcc6-5c80b610a170,中危,6.7,本地
0f895cd0-6657-11ec-9c23-5c80b610a170,中危,6.7,本地
0f8a2188-6657-11ec-95f3-5c80b610a170,中危,6.7,本地
0f8ae36b-6657-11ec-87eb-5c80b610a170,高危,8.6,网络
0f8bcdce-6657-11ec-865a-5c80b610a170,中危,5.3,网络
0f8cdf3a-6657-11ec-be90-5c80b610a170,高危,7.7,网络
0f8da283-6657-11ec-b66c-5c80b610a170,高危,8.6,网络
0f8e66de-6657-11ec-b693-5c80b610a170,高危,8.6,网络
0f8f2943-6657-11ec-9ace-5c80b610a170,高危,8.8,邻接
0f901393-6657-11ec-83c7-5c80b610a170,高危,7.5,网络
0f912509-6657-11ec-b239-5c80b610a170,超危,9.8,网络
0f923679-6657-11ec-82e0-5c80b610a170,高危,7.5,网络
0f92f9c9-6657-11ec-912a-5c80b610a170,中危,5.3,网络
0f939608-6657-11ec-af2c-5c80b610a170,中危,6.5,邻接
0f9481db-6657-11ec-b9b5-5c80b610a170,中危,5.5,本地
0f954534-6657-11ec-a8de-5c80b610a170,高危,8.8,网络
0f965688-6657-11ec-9706-5c80b610a170,中危,4.3,网络
0f9766a5-6657-11ec-852c-5c80b610a170,中危,5.3,网络
0f9829f7-6657-11ec-9ef7-5c80b610a170,中危,5.3,网络
0f991456-6657-11ec-b474-5c80b610a170,高危,8.6,网络
0f99feb6-6657-11ec-8f66-5c80b610a170,高危,8.6,网络
0f9ae918-6657-11ec-ad8f-5c80b610a170,高危,8.6,网络
0f9bd376-6657-11ec-b6a4-5c80b610a170,高危,8.6,网络
0f9cbdc8-6657-11ec-972a-5c80b610a170,高危,7.5,网络
0f9da827-6657-11ec-9827-5c80b610a170,高危,7.8,本地
0f9e9449-6657-11ec-af30-5c80b610a170,超危,9.8,网络
0f9fa43e-6657-11ec-8636-5c80b610a170,高危,8.6,网络
0fa0b593-6657-11ec-b8e5-5c80b610a170,高危,7.5,网络
0fa178da-6657-11ec-b974-5c80b610a170,超危,9.8,网络
0fa28a21-6657-11ec-8819-5c80b610a170,中危,5.3,网络
0fa34da7-6657-11ec-aa31-5c80b610a170,高危,8.6,网络
0fa410ba-6657-11ec-9acc-5c80b610a170,高危,8.8,网络
0fa5222c-6657-11ec-b151-5c80b610a170,超危,9.8,网络
0fa5e581-6657-11ec-b143-5c80b610a170,超危,9.8,网络
0fa6cfd0-6657-11ec-a64a-5c80b610a170,中危,6.8,邻接
0fa7e149-6657-11ec-8e05-5c80b610a170,中危,6.5,邻接
0fa8a49b-6657-11ec-9637-5c80b610a170,超危,9.1,网络
0fa967e7-6657-11ec-a7d7-5c80b610a170,中危,6.5,邻接
0faa2b4f-6657-11ec-afa7-5c80b610a170,高危,7.5,网络
0fab3cbd-6657-11ec-b59f-5c80b610a170,中危,4.7,网络
0fac000c-6657-11ec-95e5-5c80b610a170,高危,7.4,邻接
0fac9c7b-6657-11ec-bb68-5c80b610a170,高危,7.8,本地
0fad611c-6657-11ec-96c1-5c80b610a170,高危,8.6,网络
0fae2456-6657-11ec-9984-5c80b610a170,高危,8.6,网络
0faf5b94-6657-11ec-a80d-5c80b610a170,高危,8.6,网络
0fb10a7e-6657-11ec-8dc7-5c80b610a170,中危,5.8,网络
0fb21bef-6657-11ec-9875-5c80b610a170,超危,9.8,网络
0fb37a29-6657-11ec-b3e2-5c80b610a170,高危,8.6,网络
0fb43ef3-6657-11ec-b783-5c80b610a170,高危,8.6,网络
0fb527df-6657-11ec-92b8-5c80b610a170,中危,5.3,网络
0fb6122c-6657-11ec-bffb-5c80b610a170,高危,7.2,网络
0fb6d579-6657-11ec-9803-5c80b610a170,高危,7.2,网络
0fb798ca-6657-11ec-b9ba-5c80b610a170,高危,7.2,网络
0fb85c1a-6657-11ec-88f5-5c80b610a170,高危,7.2,网络
0fb8f859-6657-11ec-a432-5c80b610a170,高危,7.2,网络
0fb9bba8-6657-11ec-9a14-5c80b610a170,高危,7.2,网络
0fba7f09-6657-11ec-9f31-5c80b610a170,高危,7.2,网络
0fbb4342-6657-11ec-b3f3-5c80b610a170,高危,7.2,网络
0fbbdff0-6657-11ec-8e83-5c80b610a170,高危,7.2,网络
0fbca354-6657-11ec-a7f0-5c80b610a170,高危,7.2,网络
0fbd6551-6657-11ec-b928-5c80b610a170,超危,9.8,网络
0fbe4fb3-6657-11ec-b82d-5c80b610a170,高危,7.5,网络
0fbf1303-6657-11ec-b03a-5c80b610a170,高危,7.7,网络
0fc22172-6657-11ec-bd01-5c80b610a170,高危,8.6,网络
0fc2e390-6657-11ec-80b5-5c80b610a170,中危,6.5,邻接
0fc3cf2f-6657-11ec-b63f-5c80b610a170,中危,6.5,邻接
0fc4aa9e-6657-11ec-acfc-5c80b610a170,中危,6.5,邻接
0fc56dda-6657-11ec-b9b9-5c80b610a170,中危,6.5,邻接
0fc65983-6657-11ec-87e6-5c80b610a170,中危,6.5,邻接
0fc790be-6657-11ec-8a70-5c80b610a170,中危,6.5,邻接
0fc8554e-6657-11ec-a322-5c80b610a170,高危,8.8,网络
0fc9174e-6657-11ec-bcf5-5c80b610a170,高危,7.2,网络
0fca28e6-6657-11ec-b7a5-5c80b610a170,中危,6.3,网络
0fcb1418-6657-11ec-be43-5c80b610a170,中危,6.3,网络
0fcbd666-6657-11ec-81bf-5c80b610a170,中危,6.3,网络
0fccc23b-6657-11ec-a0cc-5c80b610a170,高危,7.2,网络
0fcdab20-6657-11ec-af5b-5c80b610a170,高危,7.2,网络
0fce6e9b-6657-11ec-9f56-5c80b610a170,高危,7.2,网络
0fcf31e9-6657-11ec-b287-5c80b610a170,高危,7.2,网络
0fcff535-6657-11ec-a393-5c80b610a170,高危,7.2,网络
0fd0b88e-6657-11ec-a183-5c80b610a170,高危,7.2,网络
0fd17bd4-6657-11ec-916d-5c80b610a170,高危,7.2,网络
0fd23f25-6657-11ec-b98e-5c80b610a170,高危,7.2,网络
0fd30250-6657-11ec-b689-5c80b610a170,高危,7.2,网络
0fd3c59b-6657-11ec-ba04-5c80b610a170,中危,6.5,邻接
0fd4d70a-6657-11ec-b590-5c80b610a170,高危,7.2,网络
0fd59a5b-6657-11ec-86be-5c80b610a170,高危,8.8,网络
0fd65dab-6657-11ec-ab7a-5c80b610a170,中危,6.5,网络
0fd76f1d-6657-11ec-a554-5c80b610a170,中危,6.5,网络
0fd8597a-6657-11ec-876e-5c80b610a170,高危,7.5,网络
0fd91cca-6657-11ec-80d8-5c80b610a170,高危,7.5,网络
0fda5549-6657-11ec-8767-5c80b610a170,高危,8.6,网络
0fdaf18a-6657-11ec-9a04-5c80b610a170,中危,6.7,本地
0fdbb4d8-6657-11ec-bfdf-5c80b610a170,高危,7.8,本地
0fdc782b-6657-11ec-bf58-5c80b610a170,中危,6.5,网络
0fdd6288-6657-11ec-a358-5c80b610a170,中危,5.3,网络
0fde73fa-6657-11ec-8b58-5c80b610a170,超危,9.8,网络
0fdf3749-6657-11ec-94bd-5c80b610a170,超危,9.8,网络
0fe021aa-6657-11ec-9d40-5c80b610a170,超危,9.8,网络
0fe10c0d-6657-11ec-9acb-5c80b610a170,高危,7.5,网络
0fe21d7a-6657-11ec-8f77-5c80b610a170,高危,7.4,邻接
0fe2b9ba-6657-11ec-b709-5c80b610a170,高危,8.6,网络
0fe3cb30-6657-11ec-bf57-5c80b610a170,高危,7.4,邻接
0fe4b58b-6657-11ec-bbf1-5c80b610a170,高危,7.4,邻接
0fe578dc-6657-11ec-a742-5c80b610a170,高危,8.8,邻接
0fe68a4a-6657-11ec-a722-5c80b610a170,超危,9.8,网络
0fe774a9-6657-11ec-97e2-5c80b610a170,高危,7.5,网络
0fe810ea-6657-11ec-9773-5c80b610a170,高危,7.4,邻接
0fe8fb4c-6657-11ec-ae9b-5c80b610a170,中危,6.7,本地
0fe9be98-6657-11ec-ba6a-5c80b610a170,中危,6.8,物理
0fead021-6657-11ec-a87f-5c80b610a170,高危,7.5,网络
0febba85-6657-11ec-b0f3-5c80b610a170,高危,7.2,网络
0fecf2fa-6657-11ec-a99a-5c80b610a170,中危,4.3,邻接
0feddd4d-6657-11ec-a0be-5c80b610a170,高危,7.5,网络
0feea09a-6657-11ec-bdfd-5c80b610a170,中危,6.5,邻接
0fef63ea-6657-11ec-a1fa-5c80b610a170,高危,8.8,邻接
0ff0273e-6657-11ec-9bd0-5c80b610a170,中危,5.3,网络
0ff0ea8b-6657-11ec-b814-5c80b610a170,高危,8.6,网络
0ff24a15-6657-11ec-a283-5c80b610a170,中危,6.5,邻接
0ff30d93-6657-11ec-9c3c-5c80b610a170,中危,6.5,网络
0ff3d0a1-6657-11ec-a225-5c80b610a170,中危,6.7,本地
0ff49402-6657-11ec-99e1-5c80b610a170,中危,6.7,本地
0ff57e4c-6657-11ec-81e3-5c80b610a170,超危,9.8,网络
0ff668ac-6657-11ec-a6ca-5c80b610a170,超危,9.8,网络
0ff75332-6657-11ec-a7d1-5c80b610a170,超危,9.8,网络
0ff8165c-6657-11ec-b4a1-5c80b610a170,超危,9.8,网络
0ff8d9b0-6657-11ec-bdec-5c80b610a170,超危,9.8,网络
0ff99cfb-6657-11ec-a1c0-5c80b610a170,超危,9.8,网络
0ffa6232-6657-11ec-95e9-5c80b610a170,超危,9.8,网络
0ffb2533-6657-11ec-ab3a-5c80b610a170,高危,7.5,网络
0ffbe86e-6657-11ec-9f50-5c80b610a170,高危,7.5,网络
0ffcaa72-6657-11ec-b186-5c80b610a170,高危,7.2,网络
0ffd9650-6657-11ec-891d-5c80b610a170,高危,7.2,网络
0ffe800a-6657-11ec-8372-5c80b610a170,高危,7.2,网络
0fff43e3-6657-11ec-a3f5-5c80b610a170,高危,7.2,网络
10000732-6657-11ec-8727-5c80b610a170,高危,7.2,网络
1000ca01-6657-11ec-8c46-5c80b610a170,高危,7.2,网络
10018c82-6657-11ec-b8ea-5c80b610a170,高危,7.2,网络
10025117-6657-11ec-ae3a-5c80b610a170,高危,7.2,网络
1002ebf8-6657-11ec-a554-5c80b610a170,高危,7.2,网络
1003b0a0-6657-11ec-9dd4-5c80b610a170,高危,7.2,网络
10047414-6657-11ec-97cb-5c80b610a170,高危,7.2,网络
10053606-6657-11ec-8724-5c80b610a170,高危,7.2,网络
1005f958-6657-11ec-a7fb-5c80b610a170,高危,7.2,网络
1006bca5-6657-11ec-94a2-5c80b610a170,高危,7.2,网络
10077ff2-6657-11ec-a8f6-5c80b610a170,高危,7.2,网络
10084344-6657-11ec-9240-5c80b610a170,高危,7.2,网络
10092daa-6657-11ec-a90e-5c80b610a170,高危,7.2,网络
1009f0f3-6657-11ec-ac05-5c80b610a170,高危,7.2,网络
100ab445-6657-11ec-b2e2-5c80b610a170,高危,7.2,网络
100b7793-6657-11ec-8ac3-5c80b610a170,高危,7.2,网络
100c3ae4-6657-11ec-838e-5c80b610a170,高危,7.2,网络
100d2546-6657-11ec-81e7-5c80b610a170,高危,7.2,网络
100de893-6657-11ec-b456-5c80b610a170,高危,7.2,网络
100eabe2-6657-11ec-85cf-5c80b610a170,高危,7.2,网络
100f6f36-6657-11ec-8d19-5c80b610a170,高危,7.2,网络
10103286-6657-11ec-ade6-5c80b610a170,高危,7.2,网络
1010f5d2-6657-11ec-ac65-5c80b610a170,高危,7.2,网络
1011e05a-6657-11ec-a8d2-5c80b610a170,高危,7.2,网络
1012a4c0-6657-11ec-81b0-5c80b610a170,高危,7.2,网络
10133f98-6657-11ec-a2cf-5c80b610a170,高危,7.2,网络
101429eb-6657-11ec-898f-5c80b610a170,高危,7.2,网络
1014ed5c-6657-11ec-b61c-5c80b610a170,高危,7.2,网络
1015b1fe-6657-11ec-ac8f-5c80b610a170,高危,7.2,网络
1016c222-6657-11ec-82ab-5c80b610a170,高危,7.2,网络
1017adf4-6657-11ec-8454-5c80b610a170,高危,7.2,网络
1018712f-6657-11ec-907a-5c80b610a170,高危,8.6,网络
10195a0a-6657-11ec-9666-5c80b610a170,高危,7.8,本地
101a45e7-6657-11ec-bcd5-5c80b610a170,高危,7.8,本地
101b2ef9-6657-11ec-8942-5c80b610a170,高危,7.8,本地
101bf392-6657-11ec-bfd7-5c80b610a170,高危,7.8,本地
101cb6dc-6657-11ec-abd6-5c80b610a170,超危,9.8,网络
101d78fb-6657-11ec-8366-5c80b610a170,超危,9.8,网络
101e6352-6657-11ec-9213-5c80b610a170,高危,8.8,网络
101eff90-6657-11ec-a765-5c80b610a170,高危,8.8,网络
101fdb23-6657-11ec-8ee0-5c80b610a170,高危,8.6,网络
10209e72-6657-11ec-a3fb-5c80b610a170,高危,7.5,网络
102161c2-6657-11ec-bde1-5c80b610a170,高危,8.6,网络
102224ec-6657-11ec-b3d6-5c80b610a170,高危,8.6,网络
10235d64-6657-11ec-aecb-5c80b610a170,中危,4.4,本地
102420c8-6657-11ec-b61c-5c80b610a170,高危,7.5,网络
1024e40c-6657-11ec-8b0b-5c80b610a170,中危,4.3,邻接
1025f564-6657-11ec-9d56-5c80b610a170,高危,7.2,网络
1026b8d4-6657-11ec-b4e8-5c80b610a170,高危,7.2,网络
10277c3e-6657-11ec-a7a8-5c80b610a170,高危,7.2,网络
10288dc4-6657-11ec-82e6-5c80b610a170,高危,7.2,网络
10297807-6657-11ec-8e5c-5c80b610a170,高危,7.2,网络
102a624d-6657-11ec-ad16-5c80b610a170,高危,7.2,网络
102b2596-6657-11ec-95d6-5c80b610a170,高危,7.2,网络
102be8ea-6657-11ec-b19c-5c80b610a170,高危,7.2,网络
102cfa8e-6657-11ec-bfbf-5c80b610a170,高危,7.2,网络
102dbf10-6657-11ec-8ec5-5c80b610a170,高危,7.2,网络
102ed086-6657-11ec-81e4-5c80b610a170,高危,7.2,网络
10305736-6657-11ec-9323-5c80b610a170,高危,7.2,网络
1031674c-6657-11ec-8072-5c80b610a170,高危,7.2,网络
10325181-6657-11ec-9614-5c80b610a170,高危,7.2,网络
10333beb-6657-11ec-b36a-5c80b610a170,高危,7.2,网络
1033ff69-6657-11ec-8943-5c80b610a170,高危,7.2,网络
1034c3ed-6657-11ec-8e21-5c80b610a170,高危,7.2,网络
1035d3f0-6657-11ec-bba3-5c80b610a170,高危,7.2,网络
103734f1-6657-11ec-b3f9-5c80b610a170,高危,7.2,网络
1037f706-6657-11ec-812b-5c80b610a170,高危,7.2,网络
1038e162-6657-11ec-af23-5c80b610a170,高危,7.2,网络
1039a4b2-6657-11ec-a3d4-5c80b610a170,高危,7.2,网络
103a681e-6657-11ec-8121-5c80b610a170,高危,7.2,网络
103b2b4d-6657-11ec-99ea-5c80b610a170,高危,7.2,网络
103beea0-6657-11ec-a266-5c80b610a170,高危,7.2,网络
103cffe9-6657-11ec-9b0f-5c80b610a170,高危,7.2,网络
103e386d-6657-11ec-be8e-5c80b610a170,高危,7.2,网络
103f70d1-6657-11ec-ac96-5c80b610a170,高危,7.2,网络
10403420-6657-11ec-8227-5c80b610a170,高危,7.2,网络
1040f778-6657-11ec-a244-5c80b610a170,高危,7.2,网络
1041e1f4-6657-11ec-a902-5c80b610a170,高危,7.2,网络
1042a52b-6657-11ec-b377-5c80b610a170,高危,7.2,网络
1043688c-6657-11ec-a13f-5c80b610a170,高危,7.2,网络
10442be8-6657-11ec-8ad4-5c80b610a170,高危,7.2,网络
1045163c-6657-11ec-8f72-5c80b610a170,高危,7.2,网络
1045d98b-6657-11ec-ad92-5c80b610a170,高危,7.2,网络
10469d00-6657-11ec-8431-5c80b610a170,高危,7.2,网络
10476051-6657-11ec-8ffd-5c80b610a170,中危,5.3,网络
104823a5-6657-11ec-8d47-5c80b610a170,高危,7.5,网络
10490e03-6657-11ec-a380-5c80b610a170,高危,7.2,网络
104a465c-6657-11ec-a176-5c80b610a170,高危,7.2,网络
104b30b0-6657-11ec-bb1b-5c80b610a170,高危,7.2,网络
104c1b0a-6657-11ec-8f7b-5c80b610a170,高危,7.2,网络
104cdfd6-6657-11ec-b314-5c80b610a170,高危,7.2,网络
104da332-6657-11ec-aa22-5c80b610a170,高危,7.2,网络
104e6539-6657-11ec-86af-5c80b610a170,高危,7.2,网络
104f4f98-6657-11ec-b41b-5c80b610a170,高危,7.2,网络
105012e5-6657-11ec-805c-5c80b610a170,高危,7.2,网络
1050d642-6657-11ec-8b48-5c80b610a170,高危,7.2,网络
10519982-6657-11ec-a14b-5c80b610a170,高危,7.2,网络
105283e3-6657-11ec-8382-5c80b610a170,高危,7.2,网络
1053472e-6657-11ec-99f1-5c80b610a170,高危,7.2,网络
10543181-6657-11ec-8c5f-5c80b610a170,高危,7.2,网络
1054cdc7-6657-11ec-8430-5c80b610a170,高危,7.2,网络
1055b814-6657-11ec-8279-5c80b610a170,高危,7.2,网络
10567b5a-6657-11ec-b1c9-5c80b610a170,高危,7.2,网络
10573eb2-6657-11ec-994d-5c80b610a170,高危,7.2,网络
1058504b-6657-11ec-9486-5c80b610a170,高危,7.2,网络
10591397-6657-11ec-bdad-5c80b610a170,高危,7.2,网络
1059d6e1-6657-11ec-96e5-5c80b610a170,高危,7.2,网络
105ac14d-6657-11ec-9ff1-5c80b610a170,高危,7.2,网络
105b8494-6657-11ec-b277-5c80b610a170,高危,7.2,网络
105c4af4-6657-11ec-95ce-5c80b610a170,高危,7.2,网络
105d22ec-6657-11ec-83e7-5c80b610a170,高危,7.2,网络
105e0d46-6657-11ec-a60f-5c80b610a170,中危,4.8,网络
105ed06d-6657-11ec-8258-5c80b610a170,中危,4.8,网络
105f93d4-6657-11ec-9d6e-5c80b610a170,中危,4.8,网络
10605714-6657-11ec-99e7-5c80b610a170,中危,4.8,网络
10611a53-6657-11ec-a41e-5c80b610a170,中危,4.8,网络
106204ab-6657-11ec-b036-5c80b610a170,中危,4.8,网络
1062c803-6657-11ec-89ed-5c80b610a170,中危,4.8,网络
10638b6d-6657-11ec-8825-5c80b610a170,中危,4.8,网络
10644eaa-6657-11ec-a206-5c80b610a170,高危,7.2,网络
10651207-6657-11ec-b1eb-5c80b610a170,高危,7.2,网络
1065d558-6657-11ec-93f0-5c80b610a170,高危,7.2,网络
106698a2-6657-11ec-8f3d-5c80b610a170,高危,7.2,网络
10971e9d-6657-11ec-b8aa-5c80b610a170,超危,9.8,网络
10985710-6657-11ec-827e-5c80b610a170,高危,7.5,网络
10998fa3-6657-11ec-9780-5c80b610a170,高危,8.6,网络
109a7a02-6657-11ec-be80-5c80b610a170,高危,7.8,本地
109b6463-6657-11ec-92d3-5c80b610a170,高危,7.8,本地
109c27b4-6657-11ec-8da0-5c80b610a170,中危,6.7,本地
109ceb0a-6657-11ec-8ea8-5c80b610a170,中危,6.7,本地
109dd566-6657-11ec-b6ce-5c80b610a170,中危,5.8,网络
109e71a1-6657-11ec-b46b-5c80b610a170,高危,8.6,网络
109f34f2-6657-11ec-8f9a-5c80b610a170,高危,8.6,网络
10a01f57-6657-11ec-aaca-5c80b610a170,高危,7.7,网络
10a130c2-6657-11ec-b023-5c80b610a170,高危,8.4,本地
10a21b21-6657-11ec-9391-5c80b610a170,中危,6.7,本地
10a3067f-6657-11ec-b00e-5c80b610a170,中危,6.7,本地
10a3ca26-6657-11ec-8791-5c80b610a170,中危,6.7,本地
10a48d6a-6657-11ec-ac71-5c80b610a170,中危,6.7,本地
10a550b1-6657-11ec-b252-5c80b610a170,中危,6.7,本地
10a61403-6657-11ec-af18-5c80b610a170,中危,6.7,本地
10a6d763-6657-11ec-b3f1-5c80b610a170,中危,6.7,本地
10a7c062-6657-11ec-9a68-5c80b610a170,中危,6.7,本地
10a85e14-6657-11ec-8f55-5c80b610a170,中危,6.7,本地
10a94704-6657-11ec-807c-5c80b610a170,高危,8.8,邻接
10aa32ad-6657-11ec-a1cd-5c80b610a170,中危,6.5,邻接
10aaf606-6657-11ec-955d-5c80b610a170,中危,6.7,本地
10abb964-6657-11ec-9808-5c80b610a170,中危,6.7,本地
10ac7c48-6657-11ec-b69c-5c80b610a170,高危,7.8,本地
10ad4016-6657-11ec-a278-5c80b610a170,高危,7.8,本地
10ae0342-6657-11ec-bd16-5c80b610a170,中危,5.4,网络
10af14af-6657-11ec-9efb-5c80b610a170,中危,6.7,本地
10afd801-6657-11ec-aa2f-5c80b610a170,高危,8.6,网络
10b09b5c-6657-11ec-8cdd-5c80b610a170,中危,6.7,本地
10b18437-6657-11ec-bd7f-5c80b610a170,高危,8.6,网络
10b2971e-6657-11ec-ab03-5c80b610a170,高危,7.7,网络
10b3a8a7-6657-11ec-972e-5c80b610a170,中危,6.6,物理
10b4b8ae-6657-11ec-9030-5c80b610a170,高危,7.4,邻接
10b5a469-6657-11ec-bf0b-5c80b610a170,高危,8.6,网络
10b6b5dd-6657-11ec-9006-5c80b610a170,中危,6.7,本地
10b7c746-6657-11ec-8cd3-5c80b610a170,高危,7.5,网络
10b8ca66-6657-11ec-8cd4-5c80b610a170,高危,7.5,网络
10b98d9e-6657-11ec-8c30-5c80b610a170,高危,7.8,本地
10ba50ea-6657-11ec-a765-5c80b610a170,高危,7.7,网络
10bb3b6e-6657-11ec-950a-5c80b610a170,高危,7.4,邻接
10bc25ac-6657-11ec-bdb4-5c80b610a170,高危,7.2,网络
10bd3702-6657-11ec-865e-5c80b610a170,中危,6.7,本地
10be6f77-6657-11ec-a4fe-5c80b610a170,中危,6.5,邻接
10bf8116-6657-11ec-a292-5c80b610a170,高危,8.6,网络
10c06b78-6657-11ec-bb92-5c80b610a170,高危,7.2,网络
10c17cdc-6657-11ec-9d9c-5c80b610a170,中危,6.7,本地
10c2b571-6657-11ec-ac99-5c80b610a170,中危,4.6,物理
10c39fbc-6657-11ec-94b1-5c80b610a170,中危,6.7,本地
10c4630e-6657-11ec-b5ab-5c80b610a170,中危,6.0,本地
10c52669-6657-11ec-8b01-5c80b610a170,高危,7.8,本地
10c5e9ac-6657-11ec-8a55-5c80b610a170,高危,7.5,网络
10c6fb1d-6657-11ec-9719-5c80b610a170,中危,6.5,网络
10c80c92-6657-11ec-911d-5c80b610a170,高危,7.5,网络
10c8f6c8-6657-11ec-bb6b-5c80b610a170,高危,7.5,网络
10c9ba16-6657-11ec-940a-5c80b610a170,高危,7.8,本地
10ca7d6c-6657-11ec-ad31-5c80b610a170,高危,8.6,网络
10cb40b4-6657-11ec-8d7c-5c80b610a170,高危,7.8,本地
10cc2b3e-6657-11ec-b859-5c80b610a170,高危,7.8,本地
10ccee96-6657-11ec-8227-5c80b610a170,中危,6.0,本地
10cdb1de-6657-11ec-9ea5-5c80b610a170,高危,7.4,邻接
10ce752c-6657-11ec-b99e-5c80b610a170,高危,7.4,邻接
10cf387c-6657-11ec-905e-5c80b610a170,高危,7.4,邻接
10cffbcd-6657-11ec-b4fe-5c80b610a170,高危,8.6,网络
10d1341d-6657-11ec-941d-5c80b610a170,高危,7.4,邻接
10d1f784-6657-11ec-a5e6-5c80b610a170,高危,7.4,邻接
10d2e1dc-6657-11ec-8298-5c80b610a170,高危,8.6,网络
10d37e09-6657-11ec-bdd6-5c80b610a170,高危,8.6,网络
10d44158-6657-11ec-9fb6-5c80b610a170,中危,6.6,物理
10d552ff-6657-11ec-8c07-5c80b610a170,高危,7.5,网络
10d6164c-6657-11ec-aa22-5c80b610a170,高危,8.6,网络
10d6d99d-6657-11ec-ac55-5c80b610a170,高危,7.5,网络
10d7eb0d-6657-11ec-b86c-5c80b610a170,高危,7.4,邻接
10d8ae5e-6657-11ec-8833-5c80b610a170,高危,7.5,网络
10d971ae-6657-11ec-bf54-5c80b610a170,高危,7.5,网络
10da5c21-6657-11ec-b0ab-5c80b610a170,高危,7.4,邻接
10db1f59-6657-11ec-b1f0-5c80b610a170,高危,7.4,邻接
10dc30af-6657-11ec-8aa5-5c80b610a170,中危,4.9,网络
10dd421e-6657-11ec-bf59-5c80b610a170,高危,7.5,网络
10de0562-6657-11ec-bb02-5c80b610a170,中危,6.5,网络
10df16eb-6657-11ec-8b83-5c80b610a170,中危,6.5,网络
10e00135-6657-11ec-9d57-5c80b610a170,中危,6.7,本地
10e0eba2-6657-11ec-8c69-5c80b610a170,中危,6.5,网络
10e1fd08-6657-11ec-ac01-5c80b610a170,高危,7.2,网络
10e2e762-6657-11ec-b493-5c80b610a170,高危,8.6,网络
10e3d1f5-6657-11ec-a0ae-5c80b610a170,中危,6.5,邻接
10e4953d-6657-11ec-ae30-5c80b610a170,高危,8.6,网络
10e5588d-6657-11ec-bb8e-5c80b610a170,中危,6.5,网络
10e642e1-6657-11ec-8772-5c80b610a170,高危,8.6,网络
10e7061c-6657-11ec-935e-5c80b610a170,中危,6.7,本地
10e7c965-6657-11ec-91db-5c80b610a170,中危,6.5,邻接
10e8b3c9-6657-11ec-81a4-5c80b610a170,高危,8.6,网络
10e99e2a-6657-11ec-8be1-5c80b610a170,高危,8.8,网络
10ea6172-6657-11ec-9037-5c80b610a170,高危,7.5,网络
10eb99f0-6657-11ec-8b39-5c80b610a170,高危,7.8,本地
10ec5e9d-6657-11ec-9f7f-5c80b610a170,高危,7.8,本地
10ed209c-6657-11ec-a36b-5c80b610a170,高危,8.6,网络
10ee0afa-6657-11ec-ab7c-5c80b610a170,高危,8.6,网络
10eece4b-6657-11ec-b18f-5c80b610a170,高危,7.4,邻接
10efdfa2-6657-11ec-bb9f-5c80b610a170,中危,6.5,邻接
10f0ca05-6657-11ec-9730-5c80b610a170,超危,9.8,网络
10f18d75-6657-11ec-839d-5c80b610a170,中危,6.7,本地
10f250b4-6657-11ec-b672-5c80b610a170,中危,6.7,本地
10f33b0a-6657-11ec-98a3-5c80b610a170,中危,6.7,本地
10f3ee2d-6657-11ec-aac1-5c80b610a170,中危,6.7,本地
10f4d889-6657-11ec-a464-5c80b610a170,中危,6.7,本地
10f59bdc-6657-11ec-8720-5c80b610a170,中危,6.7,本地
10f6ad58-6657-11ec-b1e3-5c80b610a170,高危,7.8,本地
10f7708c-6657-11ec-8468-5c80b610a170,高危,7.8,本地
10f833f0-6657-11ec-b510-5c80b610a170,高危,7.8,本地
10f91e43-6657-11ec-a19a-5c80b610a170,高危,7.5,网络
10fa08ad-6657-11ec-b895-5c80b610a170,高危,7.2,网络
10facbe9-6657-11ec-a248-5c80b610a170,高危,7.8,本地
10fbdd80-6657-11ec-8122-5c80b610a170,高危,7.2,网络
10fceee6-6657-11ec-8f45-5c80b610a170,高危,8.6,网络
10fdd93f-6657-11ec-baa3-5c80b610a170,中危,6.5,网络
10fec3a7-6657-11ec-beca-5c80b610a170,中危,5.3,网络
10ff86e3-6657-11ec-b915-5c80b610a170,高危,7.8,本地
11007181-6657-11ec-a019-5c80b610a170,高危,8.4,本地
1101348a-6657-11ec-89af-5c80b610a170,高危,8.8,邻接
1101f7f8-6657-11ec-9fa4-5c80b610a170,高危,8.8,邻接
11030975-6657-11ec-bd0b-5c80b610a170,高危,7.8,本地
1103cc9b-6657-11ec-9828-5c80b610a170,中危,6.5,邻接
11048fea-6657-11ec-8b4e-5c80b610a170,高危,7.5,网络
11057a7c-6657-11ec-bf5e-5c80b610a170,高危,8.6,网络
11063d9a-6657-11ec-9dc8-5c80b610a170,中危,6.7,本地
110700ee-6657-11ec-bef7-5c80b610a170,中危,6.7,本地
1108128d-6657-11ec-906a-5c80b610a170,高危,8.6,网络
1108fcce-6657-11ec-afe8-5c80b610a170,低危,3.3,本地
1109c03d-6657-11ec-9a60-5c80b610a170,高危,8.6,网络
110aaab9-6657-11ec-b5a6-5c80b610a170,高危,7.8,本地
110b964f-6657-11ec-b976-5c80b610a170,高危,7.8,本地
110c586e-6657-11ec-9233-5c80b610a170,高危,7.8,本地
110d42bf-6657-11ec-ae1a-5c80b610a170,高危,7.2,网络
110e060d-6657-11ec-a3d2-5c80b610a170,高危,8.8,邻接
110ec969-6657-11ec-866d-5c80b610a170,中危,5.3,网络
110fb3bd-6657-11ec-aaac-5c80b610a170,高危,7.5,网络
1110770e-6657-11ec-9891-5c80b610a170,中危,6.1,网络
11118880-6657-11ec-b93f-5c80b610a170,高危,8.8,网络
11124bd1-6657-11ec-a034-5c80b610a170,高危,8.6,网络
11130f1e-6657-11ec-873b-5c80b610a170,高危,7.2,网络
11142097-6657-11ec-a823-5c80b610a170,高危,7.8,本地
11150af1-6657-11ec-b3e3-5c80b610a170,中危,6.5,邻接
1115ce3e-6657-11ec-b488-5c80b610a170,高危,7.8,本地
1116918f-6657-11ec-b8fa-5c80b610a170,高危,8.8,网络
111754df-6657-11ec-8110-5c80b610a170,中危,6.8,网络
11183f3e-6657-11ec-89c7-5c80b610a170,超危,9.8,网络
111929a3-6657-11ec-8144-5c80b610a170,中危,6.5,网络
111ab03e-6657-11ec-bd8c-5c80b610a170,高危,8.6,网络
111b9aa2-6657-11ec-82e1-5c80b610a170,超危,9.8,网络
111c8501-6657-11ec-9e7b-5c80b610a170,超危,9.1,网络
111d6f67-6657-11ec-b376-5c80b610a170,高危,7.5,网络
111e32b5-6657-11ec-a173-5c80b610a170,高危,8.6,网络
111f1d11-6657-11ec-a624-5c80b610a170,高危,8.8,网络
111fe05f-6657-11ec-b289-5c80b610a170,高危,7.8,本地
1120cace-6657-11ec-8f83-5c80b610a170,超危,9.8,网络
11218e0e-6657-11ec-9bd3-5c80b610a170,高危,8.8,网络
1122785d-6657-11ec-b3a5-5c80b610a170,高危,8.8,网络
11233b94-6657-11ec-aed7-5c80b610a170,超危,9.8,网络
11240049-6657-11ec-bae6-5c80b610a170,中危,6.5,邻接
1124eacd-6657-11ec-a4cc-5c80b610a170,高危,8.8,网络
1125ae53-6657-11ec-8096-5c80b610a170,超危,9.8,网络
11269859-6657-11ec-a917-5c80b610a170,超危,9.8,网络
11278181-6657-11ec-89a5-5c80b610a170,高危,7.2,网络
11284619-6657-11ec-a967-5c80b610a170,高危,7.2,网络
11293070-6657-11ec-9ff5-5c80b610a170,高危,7.2,网络
112a19b2-6657-11ec-a25b-5c80b610a170,高危,7.2,网络
112adce3-6657-11ec-ac1e-5c80b610a170,高危,7.2,网络
112ba030-6657-11ec-ab34-5c80b610a170,高危,7.2,网络
112c8a9d-6657-11ec-b0bc-5c80b610a170,高危,7.2,网络
112d4de0-6657-11ec-8fcc-5c80b610a170,高危,7.2,网络
112e397c-6657-11ec-827b-5c80b610a170,高危,8.1,邻接
112f23de-6657-11ec-b1f6-5c80b610a170,超危,9.8,网络
112fe734-6657-11ec-9149-5c80b610a170,高危,8.6,网络
1130a92e-6657-11ec-9f33-5c80b610a170,中危,6.7,本地
113194e0-6657-11ec-8163-5c80b610a170,高危,7.7,网络
1132582d-6657-11ec-a952-5c80b610a170,高危,8.8,邻接
11331a13-6657-11ec-8f72-5c80b610a170,高危,8.8,邻接
1133dee2-6657-11ec-94e2-5c80b610a170,超危,9.8,网络
1134c92c-6657-11ec-9cb5-5c80b610a170,中危,6.7,本地
1135b29d-6657-11ec-967c-5c80b610a170,高危,7.4,邻接
11367666-6657-11ec-a0bb-5c80b610a170,高危,7.5,网络
11373a31-6657-11ec-918a-5c80b610a170,高危,7.5,网络
1137fd87-6657-11ec-945c-5c80b610a170,超危,9.8,网络
1138e7df-6657-11ec-8aa3-5c80b610a170,高危,8.6,网络
1139ab2d-6657-11ec-a1ab-5c80b610a170,高危,7.5,网络
113a6e7c-6657-11ec-9f1f-5c80b610a170,高危,7.5,网络
113b31e7-6657-11ec-9ac9-5c80b610a170,高危,7.5,网络
113bf550-6657-11ec-8b1d-5c80b610a170,高危,7.5,网络
113cdf83-6657-11ec-b8eb-5c80b610a170,高危,7.5,网络
113df0f5-6657-11ec-886f-5c80b610a170,高危,7.8,本地
113eda11-6657-11ec-92c4-5c80b610a170,高危,7.5,网络
113fc5cb-6657-11ec-8451-5c80b610a170,中危,6.5,邻接
11414af4-6657-11ec-b8f2-5c80b610a170,高危,7.5,网络
1142abdf-6657-11ec-82f1-5c80b610a170,高危,7.8,本地
11436f30-6657-11ec-8629-5c80b610a170,高危,7.1,本地
11447f68-6657-11ec-845c-5c80b610a170,中危,6.7,本地
11456afe-6657-11ec-b118-5c80b610a170,高危,7.5,网络
11462cf1-6657-11ec-8b99-5c80b610a170,高危,8.8,邻接
11471771-6657-11ec-a78a-5c80b610a170,高危,8.2,网络
1147dc15-6657-11ec-b221-5c80b610a170,中危,5.3,网络
11489e1b-6657-11ec-8ec9-5c80b610a170,高危,7.8,本地
1149af77-6657-11ec-928c-5c80b610a170,高危,7.8,本地
114a9b1c-6657-11ec-b931-5c80b610a170,高危,8.6,网络
114b5d21-6657-11ec-89d5-5c80b610a170,中危,6.7,本地
114c491f-6657-11ec-8f89-5c80b610a170,中危,6.1,网络
114d7ff4-6657-11ec-8c30-5c80b610a170,高危,8.8,邻接
114e6bcd-6657-11ec-a530-5c80b610a170,中危,6.5,邻接
114f560e-6657-11ec-abe6-5c80b610a170,高危,8.8,邻接
115030da-6657-11ec-be96-5c80b610a170,高危,8.8,邻接
1150f40d-6657-11ec-b4b2-5c80b610a170,高危,8.8,邻接
1151def9-6657-11ec-851a-5c80b610a170,超危,9.8,网络
1152c940-6657-11ec-b0c6-5c80b610a170,中危,4.3,网络
1153b3a1-6657-11ec-aa31-5c80b610a170,高危,8.1,网络
115476f2-6657-11ec-86ad-5c80b610a170,中危,5.3,网络
115539ca-6657-11ec-ac60-5c80b610a170,中危,6.1,网络
1156233c-6657-11ec-952d-5c80b610a170,高危,7.5,网络
1156e7f8-6657-11ec-9b7b-5c80b610a170,中危,6.5,网络
1157aad3-6657-11ec-bb8b-5c80b610a170,高危,7.5,网络
11586e94-6657-11ec-9aeb-5c80b610a170,中危,6.1,网络
115931f6-6657-11ec-bfd2-5c80b610a170,中危,6.5,网络
115a1ac9-6657-11ec-adcf-5c80b610a170,中危,5.9,网络
115b2c5c-6657-11ec-918d-5c80b610a170,高危,8.8,网络
115c3ea7-6657-11ec-856b-5c80b610a170,超危,9.8,网络
115d290a-6657-11ec-8888-5c80b610a170,高危,8.6,网络
115e39b8-6657-11ec-a3cb-5c80b610a170,中危,6.5,邻接
115efd05-6657-11ec-acce-5c80b610a170,中危,6.5,网络
115fc053-6657-11ec-a107-5c80b610a170,中危,5.2,邻接
1160d1cf-6657-11ec-99e2-5c80b610a170,高危,8.0,邻接
1161bc27-6657-11ec-8bbc-5c80b610a170,高危,8.0,邻接
11627f76-6657-11ec-816d-5c80b610a170,高危,8.0,邻接
116343fe-6657-11ec-91a7-5c80b610a170,高危,8.0,邻接
11642e69-6657-11ec-b9d9-5c80b610a170,高危,8.0,邻接
1164f1bb-6657-11ec-915b-5c80b610a170,高危,8.0,邻接
1165b4e9-6657-11ec-995a-5c80b610a170,高危,8.0,邻接
11669f62-6657-11ec-9939-5c80b610a170,高危,8.0,邻接
116762b8-6657-11ec-a27d-5c80b610a170,高危,8.0,邻接
116824ab-6657-11ec-9aea-5c80b610a170,高危,8.0,邻接
11690f11-6657-11ec-ab3b-5c80b610a170,高危,8.0,邻接
1169d3b0-6657-11ec-b553-5c80b610a170,高危,8.0,邻接
116ae3c9-6657-11ec-ab8d-5c80b610a170,高危,8.0,邻接
116bce20-6657-11ec-9847-5c80b610a170,高危,8.6,网络
116cb88a-6657-11ec-a307-5c80b610a170,中危,6.1,网络
116da2e1-6657-11ec-8230-5c80b610a170,高危,7.5,网络
116e662f-6657-11ec-9f3a-5c80b610a170,中危,6.1,网络
116f77cb-6657-11ec-876b-5c80b610a170,高危,7.5,网络
11706225-6657-11ec-b939-5c80b610a170,中危,6.5,网络
11712578-6657-11ec-a0c0-5c80b610a170,高危,7.5,网络
11725ee5-6657-11ec-82db-5c80b610a170,中危,4.8,网络
1173e5d1-6657-11ec-9831-5c80b610a170,高危,8.8,邻接
1174cd9f-6657-11ec-b534-5c80b610a170,高危,7.5,网络
11759259-6657-11ec-ab8f-5c80b610a170,高危,7.2,网络
117655a2-6657-11ec-a156-5c80b610a170,高危,7.5,网络
11771891-6657-11ec-98c1-5c80b610a170,高危,7.5,网络
117802dd-6657-11ec-8e5e-5c80b610a170,高危,7.2,网络
1178ec6a-6657-11ec-923d-5c80b610a170,高危,7.8,本地
1179afaf-6657-11ec-8678-5c80b610a170,中危,4.4,本地
117ac26e-6657-11ec-a71a-5c80b610a170,高危,7.2,网络
117bab64-6657-11ec-b5e3-5c80b610a170,高危,7.5,网络
117c7021-6657-11ec-b8db-5c80b610a170,高危,8.8,网络
117d3376-6657-11ec-b71f-5c80b610a170,高危,8.8,网络
117e1d88-6657-11ec-8834-5c80b610a170,高危,7.2,网络
117ee11f-6657-11ec-9f83-5c80b610a170,高危,7.4,邻接
117fa4a7-6657-11ec-80ae-5c80b610a170,高危,7.5,网络
11806687-6657-11ec-861f-5c80b610a170,中危,4.4,本地
11819f03-6657-11ec-8430-5c80b610a170,高危,8.1,网络
11826251-6657-11ec-96f7-5c80b610a170,中危,6.1,网络
11834cb6-6657-11ec-b861-5c80b610a170,中危,5.7,邻接
11841005-6657-11ec-ae05-5c80b610a170,中危,6.7,本地
1184d353-6657-11ec-9e2f-5c80b610a170,中危,6.7,本地
1185bdb8-6657-11ec-b21e-5c80b610a170,中危,6.7,本地
11868102-6657-11ec-a65c-5c80b610a170,中危,6.7,本地
1187927b-6657-11ec-92d0-5c80b610a170,中危,6.5,网络
1188a3ea-6657-11ec-b56d-5c80b610a170,中危,5.4,网络
11898e43-6657-11ec-99b9-5c80b610a170,超危,9.8,网络
118a5193-6657-11ec-825a-5c80b610a170,超危,9.8,网络
118b3bf4-6657-11ec-bdcc-5c80b610a170,高危,8.6,网络
118bff44-6657-11ec-b25d-5c80b610a170,高危,8.6,网络
118cda85-6657-11ec-a93c-5c80b610a170,中危,4.8,网络
118debdd-6657-11ec-af4b-5c80b610a170,中危,6.1,邻接
118f9b12-6657-11ec-bad5-5c80b610a170,高危,7.4,邻接
11905e59-6657-11ec-a539-5c80b610a170,高危,7.5,网络
1191477c-6657-11ec-8481-5c80b610a170,中危,6.7,本地
11920aca-6657-11ec-bf03-5c80b610a170,高危,7.5,网络
1192f526-6657-11ec-81bd-5c80b610a170,高危,7.5,网络
1193b856-6657-11ec-ac4d-5c80b610a170,中危,6.5,邻接
1194a2b1-6657-11ec-9656-5c80b610a170,高危,7.4,邻接
119565ff-6657-11ec-955e-5c80b610a170,高危,7.8,本地
1196505e-6657-11ec-98ae-5c80b610a170,中危,6.7,本地
11973c27-6657-11ec-a7ce-5c80b610a170,高危,7.5,网络
1197ff81-6657-11ec-9008-5c80b610a170,中危,6.5,网络
1198e873-6657-11ec-a754-5c80b610a170,高危,7.5,网络
1199d2ce-6657-11ec-b30a-5c80b610a170,高危,7.8,本地
119a961f-6657-11ec-9110-5c80b610a170,高危,8.6,网络
119ba7af-6657-11ec-b9b8-5c80b610a170,中危,6.7,本地
119c6c42-6657-11ec-9cd0-5c80b610a170,高危,7.5,网络
119d2f9e-6657-11ec-a4b3-5c80b610a170,高危,7.5,网络
119e199b-6657-11ec-a759-5c80b610a170,高危,8.8,网络
119f0452-6657-11ec-a197-5c80b610a170,高危,8.8,网络
119fed55-6657-11ec-a337-5c80b610a170,高危,8.8,网络
11a0b091-6657-11ec-95da-5c80b610a170,高危,7.5,网络
11a19c62-6657-11ec-91d0-5c80b610a170,高危,7.5,网络
11a25e78-6657-11ec-8131-5c80b610a170,超危,10.0,网络
11a348af-6657-11ec-b63d-5c80b610a170,中危,6.1,网络
11a45b97-6657-11ec-9856-5c80b610a170,中危,6.1,网络
11a56b8f-6657-11ec-90d3-5c80b610a170,高危,8.6,网络
11a674aa-6657-11ec-a875-5c80b610a170,高危,8.8,网络
11a78631-6657-11ec-b16a-5c80b610a170,高危,8.8,网络
11a87082-6657-11ec-943c-5c80b610a170,超危,9.8,网络
11a95adb-6657-11ec-9e25-5c80b610a170,高危,8.1,网络
11aa46ba-6657-11ec-a522-5c80b610a170,中危,6.8,邻接
11ab56aa-6657-11ec-b0a3-5c80b610a170,中危,5.4,网络
11ad0463-6657-11ec-9509-5c80b610a170,中危,5.4,网络
11ae63eb-6657-11ec-8740-5c80b610a170,高危,7.5,网络
11af9c63-6657-11ec-b167-5c80b610a170,中危,5.3,邻接
11b05fbe-6657-11ec-870c-5c80b610a170,高危,7.5,网络
11b1714a-6657-11ec-b8cf-5c80b610a170,高危,8.6,网络
11b25b8e-6657-11ec-8e88-5c80b610a170,高危,7.5,网络
11b345f9-6657-11ec-97d8-5c80b610a170,高危,8.6,网络
11b4092f-6657-11ec-b3c5-5c80b610a170,中危,4.3,物理
11b51c27-6657-11ec-841e-5c80b610a170,高危,7.8,本地
11b6052b-6657-11ec-ac1b-5c80b610a170,高危,8.8,网络
11b6f074-6657-11ec-9125-5c80b610a170,高危,7.8,本地
11b7b3c4-6657-11ec-be90-5c80b610a170,高危,7.5,网络
11b89d11-6657-11ec-92bc-5c80b610a170,高危,7.2,网络
11b9608c-6657-11ec-9647-5c80b610a170,高危,8.8,网络
11ba23d8-6657-11ec-94be-5c80b610a170,中危,6.7,本地
11bb0f92-6657-11ec-8a08-5c80b610a170,高危,7.5,网络
11bc20fc-6657-11ec-8085-5c80b610a170,高危,8.8,网络
11bce44d-6657-11ec-a547-5c80b610a170,超危,9.8,网络
11bdf5ba-6657-11ec-817c-5c80b610a170,超危,9.8,网络
11beb98e-6657-11ec-a997-5c80b610a170,高危,7.5,网络
11bf7c70-6657-11ec-94ae-5c80b610a170,超危,9.8,网络
11c03fb3-6657-11ec-b717-5c80b610a170,高危,7.7,网络
11c128b2-6657-11ec-8746-5c80b610a170,超危,9.8,网络
11c1ed72-6657-11ec-a0a1-5c80b610a170,高危,8.6,网络
11c2b0b3-6657-11ec-8506-5c80b610a170,超危,9.8,网络
11c39bb3-6657-11ec-9979-5c80b610a170,高危,8.8,邻接
11c45eb0-6657-11ec-af72-5c80b610a170,高危,7.2,网络
11c521ed-6657-11ec-b807-5c80b610a170,中危,6.5,网络
11c5e500-6657-11ec-a640-5c80b610a170,高危,7.5,网络
11c6ce2c-6657-11ec-a7ca-5c80b610a170,高危,7.5,网络
11c792b3-6657-11ec-8dcc-5c80b610a170,高危,8.8,网络
11c87bbb-6657-11ec-a055-5c80b610a170,中危,6.5,网络
11c93f1f-6657-11ec-84d0-5c80b610a170,中危,5.3,网络
11ca2ab7-6657-11ec-83e7-5c80b610a170,中危,5.3,网络
11cb13c6-6657-11ec-9511-5c80b610a170,中危,6.1,网络
11cbd734-6657-11ec-9fd2-5c80b610a170,高危,7.4,邻接
11ccc2e2-6657-11ec-a29a-5c80b610a170,高危,8.6,网络
11cd84f6-6657-11ec-b366-5c80b610a170,中危,5.9,网络
11ce6f44-6657-11ec-afc7-5c80b610a170,中危,5.9,网络
11cf328c-6657-11ec-bd45-5c80b610a170,高危,8.0,邻接
11d01cca-6657-11ec-8bb3-5c80b610a170,高危,8.6,网络
11d0e01a-6657-11ec-ba02-5c80b610a170,高危,8.6,网络
11d1a368-6657-11ec-8769-5c80b610a170,高危,8.8,邻接
11d2b4e3-6657-11ec-ab2f-5c80b610a170,高危,7.4,邻接
11d3782a-6657-11ec-b0bc-5c80b610a170,中危,6.3,网络
11d43b77-6657-11ec-80e7-5c80b610a170,高危,7.5,网络
11d525ff-6657-11ec-b146-5c80b610a170,高危,8.6,网络
11d61061-6657-11ec-8d85-5c80b610a170,超危,9.8,网络
11d6d3ae-6657-11ec-bd18-5c80b610a170,中危,6.7,本地
11d7be10-6657-11ec-b7cb-5c80b610a170,高危,8.8,网络
11d8cf7e-6657-11ec-86a1-5c80b610a170,中危,6.1,网络
11d9b9bb-6657-11ec-9b54-5c80b610a170,中危,6.7,本地
11daf237-6657-11ec-8435-5c80b610a170,高危,7.5,网络
11dc03a9-6657-11ec-bbed-5c80b610a170,超危,9.8,网络
11dcc6f6-6657-11ec-b32e-5c80b610a170,高危,7.5,网络
11ddd869-6657-11ec-883e-5c80b610a170,中危,6.7,本地
11de9bb6-6657-11ec-810a-5c80b610a170,中危,6.1,邻接
11dfad28-6657-11ec-b04b-5c80b610a170,中危,6.1,邻接
11e07076-6657-11ec-a709-5c80b610a170,高危,7.5,邻接
11e181e8-6657-11ec-89e6-5c80b610a170,高危,7.5,网络
11e24537-6657-11ec-a3ea-5c80b610a170,中危,4.3,邻接
11e32f99-6657-11ec-9872-5c80b610a170,中危,6.3,网络
11e419f8-6657-11ec-aa86-5c80b610a170,高危,7.4,邻接
11e4dd4b-6657-11ec-91b8-5c80b610a170,中危,6.5,邻接
11e5eeb8-6657-11ec-836f-5c80b610a170,中危,6.5,邻接
11e6b207-6657-11ec-aa3d-5c80b610a170,高危,7.5,网络
11e7dd59-6657-11ec-bfee-5c80b610a170,高危,7.5,网络
11e8f042-6657-11ec-ba17-5c80b610a170,中危,6.4,物理
11ea275c-6657-11ec-a2b4-5c80b610a170,高危,7.5,网络
11eb3a0e-6657-11ec-91c1-5c80b610a170,中危,5.3,网络
11ec72a9-6657-11ec-858b-5c80b610a170,超危,9.8,网络
11ed82b8-6657-11ec-8f85-5c80b610a170,超危,9.8,网络
11ee9578-6657-11ec-bc24-5c80b610a170,高危,7.5,网络
11efa5b6-6657-11ec-923c-5c80b610a170,超危,9.1,网络
11f0b866-6657-11ec-b882-5c80b610a170,中危,6.5,邻接
11f1c88c-6657-11ec-bee6-5c80b610a170,中危,5.8,网络
11f28d29-6657-11ec-9b1c-5c80b610a170,高危,7.5,网络
11f3c470-6657-11ec-b535-5c80b610a170,超危,9.8,网络
11f4aed3-6657-11ec-8d36-5c80b610a170,中危,6.3,网络
11f59929-6657-11ec-ba3a-5c80b610a170,高危,7.3,本地
121d6d7b-6657-11ec-92a3-5c80b610a170,超危,9.8,网络
121ecd43-6657-11ec-80cf-5c80b610a170,中危,6.7,本地
121fb760-6657-11ec-b0ae-5c80b610a170,中危,6.7,本地
12207a80-6657-11ec-b7e7-5c80b610a170,中危,6.7,本地
12213e47-6657-11ec-8dda-5c80b610a170,中危,6.7,本地
1222002e-6657-11ec-a8d6-5c80b610a170,中危,6.7,本地
1222ebf3-6657-11ec-b161-5c80b610a170,中危,6.7,本地
1223af50-6657-11ec-9f15-5c80b610a170,中危,6.7,本地
12249842-6657-11ec-86b1-5c80b610a170,高危,7.5,网络
12255b90-6657-11ec-a42c-5c80b610a170,高危,7.5,网络
12265d3c-6657-11ec-9e83-5c80b610a170,高危,7.8,本地
12276eb8-6657-11ec-b64f-5c80b610a170,高危,7.5,网络
12288029-6657-11ec-a6be-5c80b610a170,中危,5.3,邻接
1229b8a6-6657-11ec-92f0-5c80b610a170,高危,8.1,网络
122aca17-6657-11ec-bfc4-5c80b610a170,高危,7.5,网络
122bb479-6657-11ec-a8d8-5c80b610a170,高危,7.5,网络
122d1408-6657-11ec-b191-5c80b610a170,高危,7.5,网络
122e4c7e-6657-11ec-ac4a-5c80b610a170,高危,7.5,网络
122f36e6-6657-11ec-ac2c-5c80b610a170,中危,6.5,邻接
122ffa35-6657-11ec-a324-5c80b610a170,中危,6.5,网络
123132b8-6657-11ec-b9d9-5c80b610a170,高危,7.5,网络
12321d15-6657-11ec-a64b-5c80b610a170,中危,6.5,网络
12332e87-6657-11ec-a20a-5c80b610a170,中危,6.5,网络
12343ff6-6657-11ec-80a3-5c80b610a170,高危,7.5,网络
12352a57-6657-11ec-a26c-5c80b610a170,中危,5.3,网络
12363bc1-6657-11ec-909f-5c80b610a170,高危,7.5,网络
12372629-6657-11ec-9496-5c80b610a170,中危,5.4,网络
1237ea5f-6657-11ec-8ab7-5c80b610a170,高危,8.8,网络
1238fc39-6657-11ec-b259-5c80b610a170,高危,7.5,网络
1239be37-6657-11ec-a1ce-5c80b610a170,高危,8.1,邻接
123ad105-6657-11ec-8775-5c80b610a170,高危,7.5,网络
123c0839-6657-11ec-975c-5c80b610a170,中危,6.5,邻接
123cf2a1-6657-11ec-82bc-5c80b610a170,高危,7.5,网络
123db5ea-6657-11ec-a653-5c80b610a170,中危,5.5,本地
123ea03a-6657-11ec-84e9-5c80b610a170,中危,5.9,网络
123f6385-6657-11ec-a900-5c80b610a170,高危,7.5,网络
124026d5-6657-11ec-b666-5c80b610a170,高危,7.5,网络
1241116c-6657-11ec-a982-5c80b610a170,高危,7.5,网络
1241d5f5-6657-11ec-a59d-5c80b610a170,高危,7.5,网络
124297e5-6657-11ec-8b90-5c80b610a170,高危,8.0,网络
1243833a-6657-11ec-bd9e-5c80b610a170,中危,6.5,邻接
124446ec-6657-11ec-9bf6-5c80b610a170,高危,7.5,网络
12452ff9-6657-11ec-85b7-5c80b610a170,超危,9.8,网络
12464187-6657-11ec-891c-5c80b610a170,中危,6.8,网络
12472d32-6657-11ec-9225-5c80b610a170,中危,5.3,网络
1247ef2b-6657-11ec-ae3a-5c80b610a170,中危,5.3,网络
1248d98d-6657-11ec-b6d0-5c80b610a170,高危,7.5,网络
12499e37-6657-11ec-84ac-5c80b610a170,超危,9.6,邻接
124aae55-6657-11ec-8bff-5c80b610a170,高危,7.5,邻接
124b99f3-6657-11ec-979b-5c80b610a170,高危,8.8,网络
124cab74-6657-11ec-9bde-5c80b610a170,高危,7.5,网络
124de3e2-6657-11ec-b94d-5c80b610a170,高危,7.5,网络
124ef54d-6657-11ec-b60e-5c80b610a170,超危,9.8,网络
12502d15-6657-11ec-88b0-5c80b610a170,高危,8.8,网络
12511830-6657-11ec-8c4d-5c80b610a170,中危,5.3,邻接
12520115-6657-11ec-ae6e-5c80b610a170,中危,5.9,网络
12531422-6657-11ec-8174-5c80b610a170,超危,9.8,网络
1253feb4-6657-11ec-91b0-5c80b610a170,高危,7.5,网络
12553690-6657-11ec-a9ec-5c80b610a170,高危,7.5,网络
12566f64-6657-11ec-9071-5c80b610a170,高危,7.5,网络
1257587f-6657-11ec-b8d6-5c80b610a170,高危,7.5,网络
12581bd3-6657-11ec-a756-5c80b610a170,高危,7.5,网络
12590632-6657-11ec-9262-5c80b610a170,中危,6.5,网络
1259f092-6657-11ec-8113-5c80b610a170,高危,7.5,网络
125b290f-6657-11ec-b663-5c80b610a170,高危,7.5,网络
125bec59-6657-11ec-b7b3-5c80b610a170,高危,7.5,网络
125cd6c2-6657-11ec-8b60-5c80b610a170,高危,7.5,网络
125dc0e9-6657-11ec-b0f5-5c80b610a170,中危,6.1,网络
125ed357-6657-11ec-af76-5c80b610a170,超危,9.8,网络
125fbe2a-6657-11ec-9913-5c80b610a170,高危,7.5,网络
126144d1-6657-11ec-8c51-5c80b610a170,高危,7.5,网络
126254c4-6657-11ec-ad31-5c80b610a170,中危,5.3,网络
